,Mean,Std Dev,IQR
Temperature,8.146540624999998,6.747987572511703,11.76885
Salinity,33.11055267857143,1.1401502943531119,1.2725749999999962
